dateObserved;temperature;relativeHumidity
2024-09-20T18:50Z;18.783474;72.24635
2024-09-20T19:20Z;17.453651;76.65621
2024-09-20T19:30Z;17.173265;77.78729
2024-09-20T19:40Z;17.154573;77.98566
2024-09-20T20:00Z;16.537727;81.41703
2024-09-20T20:10Z;16.572443;81.836655
2024-09-20T20:20Z;16.324102;81.59441
2024-09-20T20:40Z;16.369497;80.67696
2024-09-20T20:50Z;16.273365;81.327385
2024-09-20T21:00Z;15.547036;84.19226
2024-09-20T21:30Z;15.312047;84.749214
2024-09-20T22:10Z;14.52697;86.90456
2024-09-20T22:20Z;14.537652;87.049515
2024-09-20T22:40Z;14.35607;87.486305
2024-09-20T22:50Z;14.182498;88.11574
2024-09-20T23:30Z;13.87541;88.52392
2024-09-20T23:40Z;13.675136;88.53918
2024-09-20T23:50Z;13.250553;89.292595
2024-09-21T00:10Z;13.271915;90.16998
2024-09-21T00:40Z;12.8339815;91.343025
2024-09-21T01:20Z;12.366674;90.469444
2024-09-21T01:40Z;12.139696;90.67353
2024-09-21T02:20Z;11.8726635;91.79889
2024-09-21T02:40Z;11.880674;91.222855
2024-09-21T03:00Z;11.512169;91.93622
2024-09-21T03:10Z;11.552224;92.48554
2024-09-21T03:20Z;11.675059;92.23758
2024-09-21T03:30Z;11.573586;91.76837
2024-09-21T03:40Z;11.338597;92.22804
2024-09-21T04:00Z;11.119631;92.48936
2024-09-21T04:10Z;11.0982685;92.47791
2024-09-21T04:20Z;11.058213;92.598076
2024-09-21T04:40Z;11.058213;92.23186
2024-09-21T05:30Z;10.684367;92.11932
2024-09-21T06:10Z;11.082246;90.28062
2024-09-21T06:20Z;11.35729;89.69695
2024-09-21T06:40Z;11.477455;89.50622
2024-09-21T06:50Z;11.343939;90.31686
2024-09-21T07:00Z;11.59495;89.7351
2024-09-21T07:30Z;12.6470585;86.597466
2024-09-21T07:40Z;13.215838;84.80644
2024-09-21T07:50Z;13.453498;83.90044
2024-09-21T08:20Z;14.612421;80.77806
2024-09-21T09:00Z;15.856794;77.08728
2024-09-21T09:20Z;17.910276;70.245514
2024-09-21T09:40Z;19.65133;63.356068
2024-09-21T10:10Z;21.325628;58.166096
2024-09-21T10:20Z;21.138704;58.696346
2024-09-21T11:00Z;21.09331;58.480812
2024-09-21T12:30Z;22.708858;52.377205
2024-09-21T12:50Z;23.072023;50.492714
2024-09-21T13:40Z;23.648813;50.38781
2024-09-21T13:50Z;23.20287;48.7055
2024-09-21T14:00Z;23.312351;49.153736
2024-09-21T14:30Z;23.082705;50.660564
2024-09-21T15:20Z;22.847715;51.537956
2024-09-21T15:40Z;22.666132;48.747463
2024-09-21T17:30Z;21.005188;62.72282
2024-09-21T18:20Z;19.039825;72.41421
2024-09-21T18:40Z;18.703365;74.11177
2024-09-21T19:20Z;17.354849;79.76906
2024-09-21T19:30Z;17.111849;79.921646
2024-09-21T19:40Z;16.575113;81.66689
2024-09-21T20:10Z;16.524376;81.27207
2024-09-21T20:20Z;16.513695;81.04318
2024-09-21T20:30Z;16.478981;81.08324
2024-09-21T21:00Z;15.4963;85.199356
2024-09-21T21:10Z;15.354773;85.55413
2024-09-21T21:40Z;14.906157;86.69474
2024-09-21T21:50Z;14.954223;86.2446
2024-09-21T22:00Z;15.002289;85.97757
2024-09-21T22:30Z;14.7940035;86.80919
2024-09-21T22:40Z;14.673839;86.82254
2024-09-21T22:50Z;14.521629;87.106735
2024-09-21T23:00Z;14.246586;87.76669
2024-09-21T23:20Z;13.854048;88.77379
2024-09-21T23:30Z;13.918136;88.39422
2024-09-21T23:40Z;13.725872;88.762344
2024-09-22T00:00Z;13.608377;88.67269
2024-09-22T00:20Z;13.488213;88.647896
2024-09-22T00:40Z;13.408103;88.476234
2024-09-22T00:50Z;13.314641;88.483864
2024-09-22T01:10Z;13.261234;87.82201
2024-09-22T01:20Z;13.047608;88.182495
2024-09-22T01:30Z;13.050279;88.24544
2024-09-22T02:00Z;12.655069;88.762344
2024-09-22T02:10Z;12.582971;88.78905
2024-09-22T02:20Z;12.457465;88.775696
2024-09-22T02:40Z;12.214465;89.50622
2024-09-22T03:00Z;12.241169;88.90158
2024-09-22T03:10Z;12.153048;88.9588
2024-09-22T03:20Z;12.09163;88.91684
2024-09-22T03:40Z;12.067597;88.52773
2024-09-22T04:00Z;12.046235;88.63645
2024-09-22T04:10Z;11.942092;89.30213
2024-09-22T04:30Z;11.776531;90.404594
2024-09-22T04:40Z;12.032884;90.02884
2024-09-22T04:50Z;12.153048;89.895325
2024-09-22T05:10Z;12.027542;90.92912
2024-09-22T05:21Z;11.9234;90.26154
2024-09-22T05:50Z;12.064927;87.465324
2024-09-22T06:30Z;12.382696;85.95659
2024-09-22T06:40Z;12.49752;85.53315
2024-09-22T06:50Z;12.620356;85.05249
2024-09-22T07:00Z;12.879377;84.75685
2024-09-22T07:10Z;13.052949;84.14076
2024-09-22T07:20Z;12.991531;84.16174
2024-09-22T07:30Z;12.866026;84.247574
2024-09-22T07:40Z;13.405432;82.66064
2024-09-22T07:50Z;13.966201;80.640724
2024-09-22T08:10Z;14.551003;80.08949
2024-09-22T08:20Z;14.815366;79.492485
2024-09-22T08:40Z;15.314717;78.32899
2024-09-22T09:00Z;15.549706;77.68238
2024-09-22T09:40Z;17.587168;73.29923
2024-09-22T10:00Z;18.970398;71.13817
2024-09-22T10:20Z;20.404364;65.61631
2024-09-22T10:50Z;20.77554;65.41032
2024-09-22T11:20Z;20.658045;66.63294
2024-09-22T11:30Z;20.836958;66.85802
2024-09-22T11:50Z;20.812925;64.92775
2024-09-22T12:20Z;21.002518;62.419548
2024-09-22T12:30Z;21.549934;61.963684
2024-09-22T12:50Z;21.891737;59.398262
2024-09-22T13:00Z;22.286945;56.932022
2024-09-22T13:10Z;22.610056;57.305866
2024-09-22T13:30Z;22.174791;56.47616
2024-09-22T14:00Z;22.855726;53.000916
2024-09-22T14:10Z;23.899824;53.39956
2024-09-22T14:30Z;22.682154;57.09224
2024-09-22T15:00Z;21.715496;60.327152
2024-09-22T15:10Z;21.67277;60.355762
2024-09-22T15:20Z;21.109331;62.41192
2024-09-22T15:30Z;20.962463;62.471046
2024-09-22T15:50Z;20.791561;64.33074
2024-09-22T16:20Z;20.065233;67.84604
2024-09-22T16:40Z;19.64866;69.614174
2024-09-22T16:50Z;19.16266;72.32075
2024-09-22T17:10Z;17.571146;80.68459
2024-09-22T17:20Z;17.05577;85.94324
2024-09-22T17:30Z;16.95697;85.96231
2024-09-22T17:50Z;16.64187;88.16533
2024-09-22T18:00Z;16.604486;88.32174
2024-09-22T18:10Z;16.276035;89.14763
2024-09-22T18:20Z;16.177233;89.78088
2024-09-22T18:30Z;16.246662;90.84711
2024-09-22T18:40Z;16.238651;90.677345
2024-09-22T18:50Z;16.15587;90.99588
2024-09-22T19:00Z;16.078432;91.077896
2024-09-22T19:20Z;16.027695;91.31823
2024-09-22T19:30Z;16.059738;91.27436
2024-09-22T19:50Z;15.7366295;91.14465
2024-09-22T20:10Z;15.723278;90.812775
2024-09-22T20:40Z;15.378805;91.17136
2024-09-22T20:50Z;15.210574;91.48417
2024-09-22T21:00Z;15.002289;92.44549
2024-09-22T21:30Z;15.01564;92.971924
2024-09-22T21:50Z;14.77264;90.03647
2024-09-22T22:20Z;14.855421;89.95636
2024-09-22T22:40Z;14.996948;91.09888
2024-09-22T23:30Z;14.639124;91.71877
2024-09-23T00:10Z;14.44686;92.147934
2024-09-23T00:30Z;14.500267;91.94385
2024-09-23T01:00Z;14.286641;92.66674
2024-09-23T01:10Z;14.308003;92.85748
2024-09-23T01:20Z;14.321355;92.89754
2024-09-23T01:30Z;14.308003;93.135956
2024-09-23T01:40Z;14.348059;93.30381
2024-09-23T02:10Z;14.083695;93.76158
2024-09-23T03:00Z;14.059663;93.66239
2024-09-23T03:10Z;14.014267;93.746315
2024-09-23T03:20Z;14.027618;93.28855
2024-09-23T03:30Z;14.110399;93.21034
2024-09-23T03:50Z;13.87541;94.0
2024-09-23T04:00Z;13.811322;93.853134
2024-09-23T04:40Z;13.87808;93.70626
2024-09-23T04:50Z;13.838025;93.79019
2024-09-23T05:10Z;13.7953005;93.187454
2024-09-23T05:30Z;13.768597;93.30572
2024-09-23T06:00Z;13.928817;93.08255
2024-09-23T06:10Z;13.976883;92.556114
2024-09-23T06:30Z;14.158465;92.15938
2024-09-23T06:40Z;14.161136;91.873276
2024-09-23T06:50Z;14.227894;92.039215
2024-09-23T07:20Z;13.944839;93.95422
2024-09-23T07:30Z;14.006256;94.24223
2024-09-23T08:00Z;14.36408;93.021515
2024-09-23T08:10Z;14.478905;92.73731
2024-09-23T08:20Z;14.36408;93.16838
2024-09-23T08:50Z;14.377432;92.31197
2024-09-23T09:10Z;14.353399;91.88281
2024-09-23T09:20Z;14.473564;90.4065
2024-09-23T09:30Z;14.575036;90.31686
2024-09-23T09:50Z;14.564355;90.025024
2024-09-23T10:10Z;14.52697;90.96536
2024-09-23T10:40Z;14.740597;91.62531
2024-09-23T11:00Z;14.7566185;92.21278
2024-09-23T11:10Z;14.617762;92.189896
2024-09-23T11:40Z;14.7005415;92.02014
2024-09-23T11:50Z;14.777981;92.12886
2024-09-23T12:10Z;14.783322;91.41741
2024-09-23T12:40Z;14.740597;90.70405
2024-09-23T13:00Z;15.0370035;89.15144
2024-09-23T13:10Z;15.135805;91.28962
2024-09-23T13:20Z;14.828717;90.21576
2024-09-23T13:30Z;14.842069;91.35447
2024-09-23T13:40Z;14.815366;92.20325
2024-09-23T13:50Z;14.724575;91.93431
2024-09-23T14:10Z;14.647135;92.28527
2024-09-23T14:20Z;14.500267;93.702446
2024-09-23T14:50Z;13.864729;92.2662
2024-09-23T15:20Z;13.522926;92.67437
2024-09-23T16:00Z;13.186465;92.92996
2024-09-23T16:10Z;13.3093;92.605705
2024-09-23T16:30Z;13.490883;93.49645
2024-09-23T17:10Z;13.485542;93.73678
2024-09-23T17:20Z;13.421454;93.99428
2024-09-23T17:40Z;13.239872;94.30709
2024-09-23T18:00Z;13.215838;94.34333
2024-09-23T18:20Z;13.189136;94.190735
2024-09-23T18:40Z;13.06363;93.824524
2024-09-23T18:50Z;13.031587;93.351494
2024-09-23T19:00Z;13.052949;92.949036
2024-09-23T19:20Z;13.122377;92.82506
2024-09-23T19:30Z;13.05829;92.72587
2024-09-23T19:40Z;12.996872;92.7087
2024-09-23T20:00Z;13.023575;92.47791
2024-09-23T20:20Z;12.8339815;92.74494
2024-09-23T20:30Z;12.636377;93.77684
2024-09-23T20:40Z;12.561608;94.00954
2024-09-23T21:00Z;12.33196;93.73296
2024-09-23T21:20Z;12.179751;93.42779
2024-09-23T21:30Z;12.198443;93.486916
2024-09-23T22:20Z;11.605631;94.51881
2024-09-23T22:40Z;11.19974;95.12726
2024-09-23T23:00Z;11.19707;94.67712
2024-09-23T23:10Z;10.916686;94.762955
2024-09-24T00:00Z;10.772488;94.54742
2024-09-24T00:10Z;10.8178835;94.4902
2024-09-24T00:20Z;10.841916;94.52262
2024-09-24T00:40Z;10.679027;95.21118
2024-09-24T00:50Z;10.7084;95.071945
2024-09-24T01:00Z;10.727093;94.94415
2024-09-24T01:20Z;10.863279;95.04715
2024-09-24T01:50Z;11.416038;93.465935
2024-09-24T02:40Z;12.072938;90.83566
2024-09-24T02:50Z;12.059587;90.63348
2024-09-24T03:00Z;12.225147;90.160446
2024-09-24T03:20Z;12.225147;91.909515
2024-09-24T03:30Z;11.987488;92.19943
2024-09-24T03:40Z;11.733807;91.451744
2024-09-24T04:00Z;11.554894;92.13458
2024-09-24T04:10Z;11.493477;92.0354
2024-09-24T04:20Z;11.480125;92.125046
2024-09-24T04:30Z;11.488136;92.71824
2024-09-24T04:40Z;11.450751;93.56893
2024-09-24T04:50Z;11.317235;93.3019
2024-09-24T05:00Z;11.311894;93.515526
2024-09-24T05:20Z;11.135653;93.696724
2024-09-24T05:40Z;11.27718;92.971924
2024-09-24T05:50Z;11.392004;93.02342
2024-09-24T07:10Z;11.723125;92.56184
2024-09-24T07:50Z;11.888685;93.780655
2024-09-24T08:00Z;12.022202;93.83978
2024-09-24T08:10Z;12.33196;93.32479
2024-09-24T08:30Z;12.521553;90.82231
2024-09-24T09:10Z;13.090333;88.32365
2024-09-24T09:20Z;13.434806;85.716255
2024-09-24T09:40Z;14.92752;82.262
2024-09-24T09:50Z;15.194552;81.23201
2024-09-24T10:00Z;15.58442;80.10666
2024-09-24T10:20Z;16.15053;72.51148
2024-09-24T10:30Z;16.369497;71.24307
2024-09-24T10:50Z;16.599146;69.89647
2024-09-24T11:10Z;17.005035;67.57137
2024-09-24T11:50Z;17.573816;63.80621
2024-09-24T12:00Z;17.838179;63.169147
2024-09-24T12:10Z;17.416265;62.3299
2024-09-24T12:20Z;17.418936;61.67567
2024-09-24T12:30Z;17.982376;60.491188
2024-09-24T12:50Z;17.923628;57.511864
2024-09-24T13:00Z;17.891584;58.274815
2024-09-24T13:10Z;17.731365;58.316776
2024-09-24T13:40Z;18.601892;55.255436
2024-09-24T13:50Z;18.302814;55.364155
2024-09-24T14:10Z;18.81552;54.83581
2024-09-24T14:20Z;18.326849;56.38842
2024-09-24T14:50Z;17.832838;57.73312
2024-09-24T15:00Z;17.475014;58.70016
2024-09-24T15:20Z;17.710003;58.921417
2024-09-24T15:40Z;17.515068;61.505913
2024-09-24T16:00Z;16.916914;63.68414
2024-09-24T16:10Z;17.229343;62.577858
2024-09-24T16:20Z;16.754025;63.52201
2024-09-24T16:40Z;16.417562;66.035934
2024-09-24T16:50Z;16.195927;65.66018
2024-09-24T17:30Z;15.648508;67.80026
2024-09-24T17:40Z;15.421531;68.691
2024-09-24T17:50Z;15.071717;69.86977
2024-09-24T18:20Z;14.564355;70.773865
2024-09-24T18:30Z;14.567025;71.1458
2024-09-24T18:50Z;14.281301;72.75563
2024-09-24T19:00Z;14.278629;72.92729
2024-09-24T19:10Z;14.297322;73.0341
2024-09-24T19:30Z;13.992905;74.54856
2024-09-24T19:40Z;13.848707;75.33059
2024-09-24T19:50Z;13.651102;76.246124
2024-09-24T20:00Z;13.490883;76.96712
2024-09-24T20:10Z;13.429465;77.25132
2024-09-24T20:20Z;13.362707;77.73579
2024-09-24T20:30Z;13.277256;78.18402
2024-09-24T20:50Z;13.111696;78.66468
2024-09-24T21:10Z;12.481499;82.452736
2024-09-24T21:40Z;12.294576;82.47944
2024-09-24T21:50Z;12.024872;85.80591
2024-09-24T22:10Z;12.0969715;84.19989
2024-09-24T22:20Z;11.971466;84.85794
2024-09-24T22:30Z;11.915389;85.035324
2024-09-24T22:50Z;11.755169;85.47784
2024-09-24T23:01Z;11.787213;85.399635
2024-09-24T23:20Z;12.000839;84.74349
2024-09-24T23:30Z;12.131685;84.14076
2024-09-24T23:50Z;11.9848175;85.61898
2024-09-25T00:00Z;11.9234;86.68902
2024-09-25T00:10Z;11.899366;85.19554
2024-09-25T00:30Z;11.942092;85.80209
2024-09-25T00:40Z;11.781873;86.67567
2024-09-25T01:40Z;11.389334;88.90921
2024-09-25T01:50Z;11.301213;89.38033
2024-09-25T02:00Z;11.480125;89.63973
2024-09-25T02:30Z;11.365301;89.41276
2024-09-25T02:40Z;11.397345;89.40513
2024-09-25T02:50Z;11.394674;89.45472
2024-09-25T03:00Z;11.322576;89.70649
2024-09-25T03:30Z;11.210422;89.74464
2024-09-25T03:50Z;10.95407;90.80705
2024-09-25T04:00Z;10.825894;91.25529
2024-09-25T04:10Z;10.740444;91.41741
2024-09-25T04:20Z;10.681697;91.615776
2024-09-25T04:30Z;10.566873;92.03349
2024-09-25T04:50Z;10.633631;91.26864
2024-09-25T05:00Z;10.62562;90.62394
2024-09-25T05:10Z;10.654993;90.534294
2024-09-25T05:20Z;10.534829;90.61631
2024-09-25T05:30Z;10.420005;90.76318
2024-09-25T05:40Z;10.345236;90.28062
2024-09-25T06:00Z;10.564202;89.47379
2024-09-25T06:20Z;10.970093;87.90021
2024-09-25T06:50Z;11.546884;86.338066
2024-09-25T07:10Z;11.867323;85.76013
2024-09-25T07:30Z;12.305257;85.56939
2024-09-25T08:00Z;13.159762;81.62684
2024-09-25T08:10Z;13.346685;80.8143
2024-09-25T08:30Z;14.078355;77.964676
2024-09-25T08:50Z;14.7566185;73.011215
2024-09-25T09:00Z;14.92752;71.57496
2024-09-25T09:20Z;15.547036;70.76814
2024-09-25T09:40Z;15.963607;69.45777
2024-09-25T10:20Z;17.061111;66.17517
2024-09-25T10:30Z;17.661936;65.12802
2024-09-25T10:50Z;17.902266;63.567787
2024-09-25T11:00Z;18.244068;63.241627
2024-09-25T11:20Z;19.64866;56.214848
2024-09-25T11:40Z;20.115969;56.14809
2024-09-25T11:50Z;20.086596;52.737698
2024-09-25T12:10Z;19.931715;52.827343
2024-09-25T12:40Z;19.675364;54.988403
2024-09-25T13:30Z;18.959717;55.13146
2024-09-25T14:20Z;18.233387;57.157093
2024-09-25T14:30Z;18.134584;55.612114
2024-09-25T15:20Z;17.499046;57.458458
2024-09-25T15:50Z;17.389563;58.16419
2024-09-25T16:10Z;17.253376;58.669643
2024-09-25T16:30Z;17.186617;58.656292
2024-09-25T16:40Z;17.167925;58.791714
2024-09-25T17:00Z;17.007706;61.82063
2024-09-25T17:20Z;16.88754;62.11055
2024-09-25T17:30Z;16.588465;63.30457
2024-09-25T17:40Z;16.63119;64.25445
2024-09-25T17:51Z;16.094454;67.46075
2024-09-25T18:00Z;16.059738;68.85886
2024-09-25T18:10Z;15.723278;70.52972
2024-09-25T18:30Z;15.520332;74.02022
2024-09-25T18:40Z;15.17586;78.70664
2024-09-25T19:00Z;14.863432;79.52491
2024-09-25T19:10Z;14.494926;83.20424
2024-09-25T19:20Z;14.36141;83.57809
2024-09-25T19:30Z;14.369421;80.27642
2024-09-25T20:10Z;13.918136;88.104294
2024-09-25T20:40Z;13.992905;89.429924
2024-09-25T20:50Z;13.773937;87.980316
2024-09-25T21:20Z;13.560311;86.38384
2024-09-25T21:30Z;13.677806;86.46395
2024-09-25T21:50Z;13.7579155;85.21652
2024-09-25T22:20Z;13.405432;89.256355
2024-09-25T22:50Z;13.7018385;91.100784
2024-09-25T23:20Z;13.237202;91.96483
2024-09-25T23:50Z;13.010223;92.20706
2024-09-26T00:10Z;13.010223;92.233765
2024-09-26T00:40Z;12.90341;93.70054
2024-09-26T00:50Z;12.855345;94.19646
2024-09-26T01:00Z;12.831311;94.354774
2024-09-26T01:10Z;12.914092;94.43107
2024-09-26T01:20Z;12.772564;94.14877
2024-09-26T01:30Z;12.7592125;94.28611
2024-09-26T01:40Z;12.73251;94.32807
2024-09-26T02:00Z;12.636377;94.35859
2024-09-26T02:10Z;12.708476;93.95232
2024-09-26T02:20Z;12.636377;94.47303
2024-09-26T02:50Z;12.882048;94.75723
2024-09-26T03:10Z;12.850004;94.78966
2024-09-26T03:40Z;13.031587;94.66186
2024-09-26T03:50Z;12.922103;94.71145
2024-09-26T04:20Z;12.767223;95.165405
2024-09-26T04:30Z;12.962157;94.6733
2024-09-26T04:50Z;13.287938;94.22316
2024-09-26T05:20Z;13.287938;94.99184
2024-09-26T06:10Z;13.608377;93.923706
2024-09-26T06:20Z;13.627069;93.458305
2024-09-26T06:30Z;13.683146;93.92752
2024-09-26T06:40Z;13.688487;92.94331
2024-09-26T06:50Z;13.736553;93.172195
2024-09-26T07:40Z;14.123751;91.12749
2024-09-26T08:00Z;14.166476;93.53269
2024-09-26T08:20Z;14.297322;92.46075
2024-09-26T08:40Z;14.494926;93.03296
2024-09-26T08:50Z;14.609751;93.56893
2024-09-26T09:00Z;14.6818495;93.60708
2024-09-26T09:30Z;14.719234;94.35287
2024-09-26T09:50Z;14.580377;95.72617
2024-09-26T10:10Z;14.826047;95.69184
2024-09-26T12:30Z;15.023651;93.24277
2024-09-26T12:40Z;14.962234;92.75067
2024-09-26T13:00Z;14.898146;93.702446
2024-09-26T13:30Z;14.895475;94.91554
2024-09-26T13:40Z;14.852751;94.762955
2024-09-26T14:00Z;14.858091;94.69428
2024-09-26T14:30Z;14.724575;93.244675
2024-09-26T15:10Z;14.676509;92.426414
2024-09-26T15:30Z;14.673839;92.75258
2024-09-26T15:40Z;14.7566185;93.48501
2024-09-26T16:00Z;14.59907;93.67574
2024-09-26T16:10Z;14.68719;93.46021
2024-09-26T16:40Z;14.713893;91.71114
2024-09-26T16:50Z;15.114443;88.89586
2024-09-26T17:00Z;15.215915;84.02251
2024-09-26T17:30Z;14.671168;87.14488
2024-09-26T18:10Z;14.906157;84.409706
2024-09-26T18:20Z;15.365454;80.34318
2024-09-26T18:40Z;15.712596;77.22461
2024-09-26T19:00Z;14.804685;81.41512
2024-09-26T19:01Z;14.804685;81.41512
2024-09-26T19:10Z;14.77264;82.33257
2024-09-26T19:20Z;14.460212;84.57946
2024-09-26T19:40Z;14.193179;88.34844
2024-09-26T20:10Z;13.928817;89.49096
2024-09-26T20:20Z;13.976883;88.97597
2024-09-26T20:40Z;13.838025;91.10841
2024-09-26T20:50Z;13.699168;91.36591
2024-09-26T21:10Z;13.458838;92.332954
2024-09-26T21:20Z;13.530937;90.841385
2024-09-26T21:50Z;13.271915;92.06401
2024-09-26T22:10Z;13.450828;90.45609
2024-09-26T22:20Z;13.239872;91.42695
2024-09-26T23:00Z;12.537576;92.92424
2024-09-26T23:40Z;12.967498;90.784164
2024-09-26T23:50Z;12.767223;90.80324
2024-09-27T00:00Z;12.764553;90.78607
2024-09-27T00:10Z;12.876707;90.45037
2024-09-27T00:20Z;12.500191;92.7583
2024-09-27T01:00Z;12.930114;88.33318
2024-09-27T01:10Z;12.235828;91.86946
2024-09-27T01:20Z;11.942092;92.65339
2024-09-27T01:50Z;12.235828;89.8114
2024-09-27T02:00Z;12.179751;90.92912
2024-09-27T02:10Z;12.038224;91.508965
2024-09-27T02:20Z;11.656367;92.02777
2024-09-27T03:10Z;12.548257;87.56832
2024-09-27T03:40Z;13.611048;79.7538
2024-09-27T04:20Z;12.33196;89.17433
2024-09-27T04:30Z;12.40673;91.072174
2024-09-27T04:40Z;12.016861;91.58526
2024-09-27T05:50Z;14.639124;76.55703
2024-09-27T06:00Z;14.008926;79.799576
2024-09-27T06:10Z;14.105059;76.41207
2024-09-27T06:20Z;14.318685;76.03822
2024-09-27T07:20Z;14.839398;77.4535
2024-09-27T07:40Z;14.879454;76.59327
2024-09-27T08:40Z;15.432212;74.76219
2024-09-27T09:00Z;14.748608;79.49821
2024-09-27T09:10Z;13.843366;83.829865
2024-09-27T09:30Z;13.78996;87.16586
2024-09-27T09:50Z;14.257267;84.54131
2024-09-27T10:00Z;14.708552;83.77646
2024-09-27T10:20Z;15.239948;81.11948
2024-09-27T10:30Z;15.803388;77.2475
2024-09-27T10:40Z;16.329443;74.6096
2024-09-27T10:50Z;16.380178;71.7161
2024-09-27T11:00Z;17.010376;68.53269
2024-09-27T11:10Z;17.378881;64.90105
2024-09-27T11:50Z;17.715343;59.98001
2024-09-27T12:30Z;15.434882;63.745174
2024-09-27T13:00Z;11.552224;84.991455
2024-09-27T13:20Z;11.19974;88.71847
2024-09-27T13:30Z;10.932708;89.42611
2024-09-27T13:40Z;10.716411;90.28443
2024-09-27T14:00Z;11.59762;87.76288
2024-09-27T14:20Z;12.390707;81.535286
2024-09-27T14:40Z;13.485542;76.21561
2024-09-27T15:20Z;13.71252;76.47311
2024-09-27T16:00Z;13.848707;76.33959
2024-09-27T16:10Z;13.95552;76.080185
2024-09-27T16:50Z;12.866026;79.055695
2024-09-27T17:00Z;12.841992;76.883194
2024-09-27T17:20Z;12.639048;75.7483
2024-09-27T17:50Z;12.625696;74.32731
2024-09-27T18:50Z;12.866026;75.55947
2024-09-27T19:10Z;12.887388;75.68154
2024-09-27T19:20Z;12.940795;75.02731
2024-09-27T20:10Z;12.273212;77.00336
2024-09-27T20:40Z;12.233158;75.02922
2024-09-27T20:50Z;12.1664;75.069275
2024-09-27T21:20Z;12.203784;71.54444
2024-09-27T21:50Z;12.112993;69.58366
2024-09-27T22:00Z;11.9287405;69.9308
2024-09-27T22:10Z;12.022202;67.96048
2024-09-27T22:30Z;12.129015;66.16373
2024-09-27T23:00Z;11.963454;69.993744
2024-09-27T23:10Z;11.902037;70.52972
2024-09-27T23:40Z;10.994125;78.66468
2024-09-27T23:50Z;10.799191;83.01732
2024-09-28T00:00Z;10.566873;83.98436
2024-09-28T00:10Z;10.46807;82.288704
2024-09-28T00:20Z;10.398642;85.622795
2024-09-28T00:30Z;10.291829;85.779205
2024-09-28T01:10Z;10.970093;81.792786
2024-09-28T01:20Z;10.876631;83.042114
2024-09-28T01:50Z;10.489433;84.445946
2024-09-28T02:00Z;10.54284;83.644844
2024-09-28T03:10Z;9.779125;91.007324
2024-09-28T03:20Z;9.787137;90.91005
2024-09-28T04:10Z;9.642939;91.407875
2024-09-28T04:20Z;9.624247;90.98634
2024-09-28T04:40Z;9.717708;90.17952
2024-09-28T04:50Z;9.608225;90.890976
2024-09-28T05:00Z;9.610895;90.36645
2024-09-28T05:20Z;9.736401;89.40513
2024-09-28T05:30Z;9.848555;89.31739
2024-09-28T05:50Z;10.123598;86.87404
2024-09-28T06:00Z;10.152971;86.9427
2024-09-28T06:50Z;10.195697;88.518196
2024-09-28T07:00Z;10.083543;88.45716
2024-09-28T07:10Z;10.104906;89.50622
2024-09-28T07:20Z;10.104906;90.23102
2024-09-28T07:30Z;10.05951;91.47082
2024-09-28T07:40Z;10.067521;92.69344
2024-09-28T08:00Z;10.155642;91.71114
2024-09-28T08:20Z;10.876631;88.4934
2024-09-28T08:40Z;10.6496525;91.48226
2024-09-28T09:00Z;10.537499;91.007324
2024-09-28T09:10Z;10.577554;90.54383
2024-09-28T09:20Z;10.78317;91.14656
2024-09-28T09:40Z;11.213092;89.97925
2024-09-28T09:50Z;11.066224;90.311134
2024-09-28T10:10Z;11.359961;91.22095
2024-09-28T10:20Z;11.210422;89.89723
2024-09-28T10:50Z;10.209048;90.2005
2024-09-28T11:10Z;10.238422;90.73838
2024-09-28T11:11Z;10.238422;90.73838
2024-09-28T11:20Z;10.070191;90.046005
2024-09-28T11:30Z;9.9874115;87.255516
2024-09-28T11:40Z;10.05951;85.78302
2024-09-28T12:00Z;10.409324;88.4667
2024-09-28T12:30Z;10.0434885;90.154724
2024-09-28T12:40Z;10.195697;90.3016
2024-09-28T13:00Z;10.428016;89.710304
2024-09-28T13:10Z;10.430686;90.36645
2024-09-28T13:20Z;10.363928;89.81712
2024-09-28T13:30Z;10.286489;89.342186
2024-09-28T13:50Z;10.377279;89.86862
2024-09-28T14:00Z;10.473412;89.21057
2024-09-28T14:20Z;10.724422;90.20813
2024-09-28T14:30Z;10.831235;87.89258
2024-09-28T14:40Z;10.860609;88.197754
2024-09-28T14:50Z;10.777828;87.72091
2024-09-28T15:00Z;10.54017;87.53971
2024-09-28T15:30Z;9.736401;91.995346
2024-09-28T16:00Z;9.891279;92.527504
2024-09-28T16:30Z;8.582818;91.243835
2024-09-28T16:40Z;8.654917;90.71549
2024-09-28T17:00Z;8.668269;89.565346
2024-09-28T17:40Z;8.732357;88.028
2024-09-28T18:20Z;8.767071;88.70321
2024-09-28T18:30Z;8.7644005;90.2005
2024-09-28T18:40Z;8.737698;88.90921
2024-09-28T18:50Z;8.860533;90.33402
2024-09-28T19:00Z;8.700313;91.36782
2024-09-28T19:10Z;8.451972;91.30297
2024-09-28T19:20Z;8.411918;91.01114
2024-09-28T19:40Z;8.489357;91.78172
2024-09-28T19:50Z;8.630884;92.26238
2024-09-28T20:10Z;8.75906;92.491264
2024-09-28T20:20Z;8.710994;92.97574
2024-09-28T20:50Z;8.617533;90.70023
2024-09-28T21:00Z;8.582818;90.440834
2024-09-28T21:20Z;8.558785;88.934006
2024-09-28T21:40Z;8.532083;89.67025
2024-09-28T22:20Z;8.438621;90.219574
2024-09-28T22:30Z;8.366522;90.33402
2024-09-28T22:50Z;8.219654;92.054474
2024-09-28T23:00Z;8.366522;91.844666
2024-09-28T23:10Z;8.337148;91.53376
2024-09-29T00:10Z;7.7363243;93.7158
2024-09-29T00:20Z;7.642863;93.74441
2024-09-29T00:40Z;7.335775;93.16266
2024-09-29T01:00Z;7.0740824;93.81499
2024-09-29T01:20Z;6.8951707;94.55886
2024-09-29T01:30Z;6.8631268;94.749596
2024-09-29T01:40Z;6.5960937;95.05669
2024-09-29T02:10Z;6.3183794;95.26269
2024-09-29T02:20Z;6.347753;95.646065
2024-09-29T02:31Z;6.393149;95.61555
2024-09-29T02:40Z;6.582742;95.36378
2024-09-29T03:00Z;6.259632;94.49401
2024-09-29T03:50Z;5.0206;96.025635
2024-09-29T04:10Z;4.529259;96.10956
2024-09-29T04:30Z;4.625391;96.283134
2024-09-29T05:50Z;4.908446;94.66567
2024-09-29T06:00Z;4.932479;95.108185
2024-09-29T06:10Z;4.78027;95.49729
2024-09-29T06:20Z;4.764248;95.74143
2024-09-29T06:40Z;5.250248;96.02182
2024-09-29T07:00Z;5.389105;95.79866
2024-09-29T07:10Z;5.3517203;95.58312
2024-09-29T07:20Z;5.658808;95.415276
2024-09-29T07:40Z;6.545357;93.631874
2024-09-29T08:10Z;7.6588845;91.400246
2024-09-29T08:20Z;8.080796;87.21927
2024-09-29T08:30Z;8.719006;85.20889
2024-09-29T08:40Z;8.817807;78.91455
2024-09-29T09:10Z;9.538796;83.0898
2024-09-29T09:20Z;9.958037;80.27451
2024-09-29T09:40Z;9.752422;83.11459
2024-09-29T09:50Z;9.917983;82.7026
2024-09-29T10:00Z;9.928664;82.002594
2024-09-29T10:20Z;10.318532;81.384605
2024-09-29T10:30Z;10.355917;79.62028
2024-09-29T10:40Z;10.411994;79.29221
2024-09-29T11:00Z;11.341268;75.36874
2024-09-29T11:30Z;11.584268;74.752655
2024-09-29T11:40Z;12.112993;73.95155
2024-09-29T12:00Z;12.118334;72.725105
2024-09-29T12:10Z;12.353323;72.42565
2024-09-29T12:30Z;12.727169;70.54688
2024-09-29T12:40Z;12.398718;72.34173
2024-09-29T13:00Z;12.460135;71.10765
2024-09-29T13:20Z;12.780575;70.02998
2024-09-29T13:30Z;13.06096;69.125885
2024-09-29T13:40Z;13.688487;68.07492
2024-09-29T13:50Z;13.101015;70.07767
2024-09-29T14:00Z;13.22118;69.310905
2024-09-29T14:10Z;13.154421;70.10246
2024-09-29T14:30Z;13.036927;71.85535
2024-09-29T14:50Z;12.807279;71.38232
2024-09-29T15:20Z;12.705806;72.35699
2024-09-29T15:40Z;12.569619;73.448006
2024-09-29T15:50Z;12.476158;73.83902
2024-09-29T16:20Z;12.40673;74.83467
2024-09-29T16:40Z;12.326619;76.23277
2024-09-29T17:10Z;11.840619;79.14343
2024-09-29T17:30Z;11.813916;80.27833
2024-09-29T17:40Z;11.629663;80.39086
2024-09-29T17:50Z;11.59495;81.14427
2024-09-29T18:00Z;11.59495;82.08652
2024-09-29T18:50Z;10.916686;84.669106
2024-09-29T19:10Z;10.703059;85.45495
2024-09-29T19:11Z;10.703059;85.45495
2024-09-29T19:20Z;10.636301;85.75441
2024-09-29T19:40Z;10.489433;86.09964
2024-09-29T19:50Z;10.484093;86.47158
2024-09-29T20:20Z;10.345236;86.88548
2024-09-29T20:30Z;10.243763;87.385216
2024-09-29T20:40Z;10.187686;88.10239
2024-09-29T21:00Z;10.203708;87.37377
2024-09-29T21:20Z;10.131609;87.01518
2024-09-29T21:30Z;10.104906;86.94652
2024-09-29T21:40Z;10.0995655;87.03807
2024-09-29T22:01Z;10.067521;86.963684
2024-09-29T22:10Z;9.97139;87.52636
2024-09-29T22:50Z;9.704356;90.555275
2024-09-29T23:00Z;9.81117;90.68688
2024-09-30T00:30Z;10.094225;88.56779
2024-09-30T00:40Z;9.966048;89.16289
2024-09-30T01:00Z;9.752422;90.6907
2024-09-30T01:10Z;9.744411;91.056915
2024-09-30T01:40Z;9.787137;91.049286
2024-09-30T01:50Z;9.821851;91.0798
2024-09-30T02:00Z;9.803159;91.11795
2024-09-30T02:10Z;9.859236;90.44465
2024-09-30T02:30Z;10.051499;90.2005
2024-09-30T02:40Z;10.030136;90.440834
2024-09-30T03:00Z;9.9874115;90.78798
2024-09-30T03:20Z;9.9313345;91.236206
2024-09-30T03:30Z;9.97139;90.65446
2024-09-30T04:00Z;10.014114;91.695885
2024-09-30T04:20Z;9.992752;91.53567
2024-09-30T04:40Z;10.152971;92.80026
2024-09-30T05:10Z;9.934005;92.69726
2024-09-30T05:40Z;9.998093;92.17464
2024-09-30T07:20Z;11.301213;88.83673
2024-09-30T08:10Z;12.283895;84.41161
2024-09-30T08:40Z;13.0395975;81.71839
2024-09-30T08:50Z;13.336003;80.08949
2024-09-30T09:00Z;13.63508;78.954605
2024-09-30T09:10Z;14.564355;76.45403
2024-09-30T10:00Z;16.217289;71.706566
2024-09-30T10:20Z;16.361486;72.82811
2024-09-30T11:10Z;19.298847;58.129856
2024-09-30T11:30Z;20.027847;54.38186
2024-09-30T11:50Z;20.52987;51.57038
2024-09-30T12:00Z;20.553902;49.84611
2024-09-30T12:20Z;20.812925;47.833828
2024-09-30T12:50Z;20.917067;48.457542
2024-09-30T13:00Z;21.058594;48.318302
2024-09-30T13:20Z;21.1841;49.561913
2024-09-30T13:50Z;20.909056;50.084534
2024-09-30T14:00Z;20.930418;50.958115
2024-09-30T14:10Z;20.738155;51.71725
2024-09-30T14:20Z;20.29488;52.4535
2024-09-30T14:30Z;20.399023;53.20119
2024-09-30T14:50Z;19.771496;54.608833
2024-09-30T15:00Z;19.662012;55.207752
2024-09-30T16:00Z;19.029144;55.341267
2024-09-30T16:10Z;18.935682;56.003128
2024-09-30T16:20Z;18.767452;57.767452
2024-09-30T16:30Z;18.601892;58.05356
2024-09-30T16:40Z;18.417639;58.929047
2024-09-30T18:20Z;17.002365;66.65583
2024-09-30T18:30Z;16.967651;67.14603
2024-09-30T18:50Z;16.898222;68.14549
2024-09-30T19:00Z;16.855497;68.13786
2024-09-30T19:20Z;16.940948;67.02396
2024-09-30T19:30Z;17.077135;66.81033
2024-09-30T20:10Z;16.812773;69.47112
2024-09-30T20:20Z;16.692608;70.007095
2024-09-30T20:30Z;16.652552;70.12535
2024-09-30T20:40Z;16.663233;70.48394
2024-09-30T21:10Z;16.537727;71.83246
2024-09-30T21:20Z;16.486992;72.16052
2024-09-30T21:30Z;16.535057;71.85535
2024-09-30T21:50Z;16.449608;72.65453
2024-09-30T23:30Z;15.995651;74.09651
2024-10-01T00:00Z;15.899519;72.97688
2024-10-01T00:10Z;15.888838;72.82811
2024-10-01T01:00Z;15.474937;73.657814
2024-10-01T01:30Z;15.141146;74.73167
2024-10-01T01:40Z;15.077058;74.861374
2024-10-01T01:50Z;15.034333;75.061646
2024-10-01T02:00Z;15.039674;74.65156
2024-10-01T02:10Z;15.0103;75.0235
2024-10-01T02:40Z;14.871443;75.48699
2024-10-01T02:50Z;14.799344;75.799805
2024-10-01T03:00Z;14.705882;76.3167
2024-10-01T03:20Z;14.591058;76.560844
2024-10-01T03:30Z;14.591058;76.58373
2024-10-01T03:42Z;14.462882;77.23033
2024-10-01T03:50Z;14.481575;77.091095
2024-10-01T04:10Z;14.452201;77.140686
2024-10-01T04:20Z;14.219883;79.11673
2024-10-01T04:40Z;13.979553;81.1767
2024-10-01T05:10Z;14.243916;80.34127
2024-10-01T05:20Z;13.661784;82.47944
2024-10-01T05:30Z;13.723202;81.14809
2024-10-01T05:40Z;14.318685;78.611275
2024-10-01T06:10Z;14.810025;70.544975
2024-10-01T06:20Z;14.68986;70.7567
2024-10-01T06:30Z;14.414817;71.548256
2024-10-01T06:40Z;14.206531;73.148544
2024-10-01T07:01Z;13.619059;76.21942
2024-10-01T07:20Z;13.554971;76.24994
2024-10-01T07:40Z;13.621729;76.904175
2024-10-01T08:00Z;13.637751;77.08919
2024-10-01T08:10Z;13.683146;76.9633
2024-10-01T08:20Z;13.699168;76.44259
2024-10-01T08:40Z;13.720531;76.81262
2024-10-01T09:00Z;13.624399;76.925156
2024-10-01T09:10Z;13.506905;78.567406
2024-10-01T09:30Z;13.485542;79.25025
2024-10-01T09:40Z;13.493553;81.514305
2024-10-01T10:00Z;13.218509;81.20531
2024-10-01T10:10Z;13.336003;81.80232
2024-10-01T10:20Z;13.30396;82.345924
2024-10-01T10:40Z;13.619059;80.83147
2024-10-01T10:50Z;13.432136;80.80476
2024-10-01T11:30Z;12.967498;85.06203
2024-10-01T11:40Z;12.876707;85.823074
2024-10-01T11:50Z;12.652399;86.73098
2024-10-01T12:10Z;12.420081;88.203476
2024-10-01T12:31Z;12.267872;88.260704
2024-10-01T13:00Z;12.623026;88.670784
2024-10-01T13:10Z;12.57763;88.22255
2024-10-01T13:20Z;12.444114;89.723656
2024-10-01T13:30Z;12.283895;90.06889
2024-10-01T14:00Z;12.369345;89.97925
2024-10-01T14:10Z;12.465476;90.90051
2024-10-01T14:50Z;12.49752;91.314415
2024-10-01T15:00Z;12.230488;91.07027
2024-10-01T15:21Z;12.369345;91.32586
2024-10-01T15:30Z;12.372015;92.31388
2024-10-01T15:50Z;12.422751;93.444954
2024-10-01T16:20Z;12.462806;93.18555
2024-10-01T16:30Z;12.524223;93.866486
2024-10-01T17:10Z;12.462806;94.534065
2024-10-01T17:20Z;12.428092;94.42344
2024-10-01T17:50Z;12.3373;94.42916
2024-10-01T18:10Z;12.433433;94.856415
2024-10-01T18:20Z;12.502861;95.33135
2024-10-01T18:30Z;12.422751;95.293205
2024-10-01T18:40Z;12.123674;95.09865
2024-10-01T19:30Z;12.139696;95.15587
2024-10-01T19:50Z;12.241169;95.56977
2024-10-01T20:20Z;12.342641;96.18776
2024-10-01T20:30Z;12.33463;96.20111
2024-10-01T20:40Z;12.294576;96.28886
2024-10-01T20:50Z;12.315938;96.31556
2024-10-01T21:00Z;12.270542;96.325096
2024-10-01T21:10Z;12.257191;96.20683
2024-10-01T21:40Z;12.433433;95.05287
2024-10-01T21:50Z;12.556268;95.2913
2024-10-01T22:10Z;12.596323;94.90791
2024-10-01T22:20Z;12.582971;94.95178
2024-10-01T22:30Z;12.289235;95.079575
2024-10-01T22:40Z;12.046235;95.31228
2024-10-01T23:00Z;12.078279;95.6289
2024-10-01T23:10Z;12.139696;95.99321
2024-10-01T23:30Z;12.299916;96.39376
2024-10-01T23:50Z;13.595026;96.05997
2024-10-02T00:10Z;13.752575;95.710915
2024-10-02T00:20Z;13.707179;95.74143
2024-10-02T00:30Z;13.71519;95.07576
2024-10-02T01:00Z;13.6457615;93.85886
2024-10-02T01:20Z;13.522926;93.92943
2024-10-02T01:30Z;13.472191;93.46975
2024-10-02T01:50Z;13.373388;91.50515
2024-10-02T02:30Z;12.940795;91.0798
2024-10-02T03:10Z;12.48951;89.88197
2024-10-02T03:20Z;12.342641;88.89395
2024-10-02T03:30Z;12.134356;89.31548
2024-10-02T03:50Z;11.643015;90.61822
2024-10-02T04:40Z;11.082246;90.7441
2024-10-02T05:00Z;10.996796;90.6907
2024-10-02T05:20Z;10.919356;89.35172
2024-10-02T05:30Z;10.86862;89.43183
2024-10-02T06:10Z;11.039521;87.2021
2024-10-02T06:20Z;11.087586;87.35279
2024-10-02T06:30Z;11.074235;88.33318
2024-10-02T06:40Z;11.167697;86.88548
2024-10-02T06:50Z;11.247807;85.29664
2024-10-02T07:00Z;11.4374;85.12306
2024-10-02T07:30Z;11.845961;82.431755
2024-10-02T07:50Z;12.273212;80.46525
2024-10-02T08:10Z;12.233158;77.43824
2024-10-02T08:20Z;12.278553;77.312355
2024-10-02T08:40Z;12.804608;73.89433
2024-10-02T09:00Z;13.002213;68.79973
2024-10-02T09:20Z;13.62974;66.89998
2024-10-02T10:40Z;14.583047;57.677807
2024-10-02T11:10Z;14.986267;54.683224
2024-10-02T11:20Z;15.525673;55.84672
2024-10-02T11:40Z;15.589761;54.612648
2024-10-02T12:40Z;15.771343;55.749447
2024-10-02T13:00Z;16.71664;50.944763
2024-10-02T13:10Z;16.361486;52.75677
2024-10-02T13:50Z;15.215915;61.652782
2024-10-02T14:10Z;15.199893;60.68002
2024-10-02T14:40Z;15.071717;60.63043
2024-10-02T15:50Z;15.098421;61.118713
2024-10-02T16:10Z;14.895475;64.34409
2024-10-02T16:20Z;14.559014;66.76456
2024-10-02T17:40Z;13.592355;74.12131
2024-10-02T18:00Z;13.239872;75.51179
2024-10-02T18:40Z;12.858015;78.71427
2024-10-02T19:00Z;12.617685;79.22545
2024-10-02T19:10Z;12.534905;79.49058
2024-10-02T19:40Z;12.534905;79.08621
2024-10-02T19:50Z;12.468146;81.069885
2024-10-02T20:00Z;12.102312;82.740746
2024-10-02T21:00Z;12.102312;78.28893
2024-10-02T21:10Z;12.000839;78.39384
2024-10-02T21:20Z;11.883345;78.159225
2024-10-02T21:50Z;11.653696;78.9527
2024-10-02T22:00Z;11.661708;79.427635
2024-10-02T22:10Z;11.504158;80.39277
2024-10-02T22:20Z;11.341268;79.55543
2024-10-02T22:30Z;11.301213;79.06523
2024-10-02T23:00Z;11.018158;79.92355
2024-10-02T23:30Z;10.71374;81.277794
2024-10-02T23:40Z;10.636301;81.57343
2024-10-02T23:50Z;10.62829;81.90723
2024-10-03T00:20Z;9.928664;85.40345
2024-10-03T00:30Z;9.624247;86.706184
2024-10-03T00:50Z;9.386587;87.50347
2024-10-03T01:00Z;9.293126;87.54734
2024-10-03T01:20Z;9.343863;86.98848
2024-10-03T01:30Z;9.677653;84.98001
